date,cc_value_cr,dc_value_cr,ppi_value_cr,cc_outstanding,dc_outstanding,atm_count,pos_count,upi_banks,upi_value_cr,gdp_crore,
2016-04,23010.97,240013.23,4672.13,248.60,6711.87,213073,1403438,21,0.00,3563546.53,
2016-05,25244.35,235736.44,4995.01,251.48,6800.11,214213,1418324,21,0.00,3601660.67,
2016-06,24241.08,235948.09,5347.17,255.42,6911.42,215192,1432727,21,0.00,3639774.80,
2016-07,24633.66,236256.99,5340.49,259.44,6972.22,216030,1443899,21,0.38,3677888.93,
2016-08,26052.83,238027.99,5646.01,263.79,7124.66,217303,1461972,21,3.09,3716003.07,
2016-09,24482.96,237908.35,5628.24,268.57,7281.96,218542,1480309,25,32.64,3754117.20,
2016-10,30242.08,276722.73,6021.82,273.45,7482.79,219578,1512068,26,48.57,3794413.73,
2016-11,26698.70,155625.90,5074.41,277.83,7511.98,219973,1590714,30,100.46,3834710.27,
2016-12,31237.21,142965.33,9769.93,283.21,7644.31,219793,1767733,35,707.93,3875006.80,
2017-01,32862.22,200647.86,11000.78,288.46,7785.66,220402,2015847,36,1696.22,3957594.80,
2017-02,28895.21,228681.53,9628.01,290.79,7594.21,221302,2224977,44,1937.71,4040182.80,
2017-03,33619.61,261644.87,10677.08,298.42,7716.49,222475,2529141,44,2425.14,4122770.80,
2017-04,33375.63,254916.79,10371.12,303.74,7807.95,221959,2614584,48,2271.24,4084819.20,
2017-05,36401.59,254169.56,10669.36,308.56,7903.58,222813,2692986,49,2797.07,4046867.60,
2017-06,35750.31,263783.25,8507.07,314.78,7975.42,222926,2776949,52,3098.36,4008916.00,
2017-07,34214.59,262207.16,9856.47,320.57,8040.51,222653,2840113,53,3411.35,4058359.47,
2017-08,36603.33,270961.10,10287.62,326.46,8108.69,222568,2882422,55,4156.62,4107802.93,
2017-09,37776.11,278886.07,10977.33,333.43,8197.63,221722,2900038,57,5325.81,4157246.40,
2017-10,42259.99,294461.40,11697.66,338.70,8262.55,221314,2958301,60,7057.78,4217895.43,
2017-11,39616.60,285791.47,13321.40,347.76,8328.88,221350,2998733,61,9669.33,4278544.47,
2017-12,42197.73,304799.22,14334.48,354.96,8424.71,221832,3027382,67,13174.24,4339193.50,
2018-01,41778.04,296124.36,14771.22,362.38,8466.97,221620,3061817,71,15571.20,4421024.33,
2018-02,37981.37,284523.79,14958.58,369.35,8554.45,221687,3079487,86,19126.20,4502855.17,
2018-03,44677.40,308206.89,11881.90,374.85,8610.76,222247,3083067,91,24172.60,4584686.00,
2018-04,45176.59,310254.20,13379.55,377.83,9063.57,220441,3193356,97,27021.85,4579580.37,
2018-05,47634.79,311559.16,15520.66,386.05,9239.62,222285,3247096,101,33288.51,4574474.73,
2018-06,46632.72,315997.85,16345.62,393.81,9442.74,221606,3311184,110,40834.03,4569369.10,
2018-07,48134.85,316682.17,17518.55,401.66,9620.00,221463,3268817,114,51843.14,4598251.73,
2018-08,48372.14,324948.07,18994.48,410.41,9801.97,221083,3332484,114,54212.26,4627134.37,
2018-09,46478.60,314860.72,17749.19,417.76,9824.49,221492,3393396,122,59835.36,4656017.00,
2018-10,56601.73,347585.11,22127.83,426.75,9971.06,220154,3450355,128,74978.27,4728344.10,
2018-11,51997.40,331811.38,18519.04,432.35,9925.63,220114,3510859,128,82232.21,4800671.20,
2018-12,54643.18,366922.71,18921.84,442.14,9581.50,220051,3595912,129,102594.82,4872998.30,
2019-01,55346.01,316692.43,19150.49,451.71,9233.96,221848,3657596,134,109932.43,4849093.50,
2019-02,48866.20,304939.64,16497.23,460.62,9309.44,221786,3636851,139,106737.12,4825188.70,
2019-03,58062.14,342010.36,18598.87,470.89,9058.13,221703,3722229,142,133460.72,4801283.90,
2019-04,58115.69,339747.21,18553.87,479.97,8602.95,227164,3757621,144,142034.39,4851315.37,
2019-05,61699.79,352713.56,18297.38,489.21,8004.37,227227,3845111,143,152449.29,4901346.83,
2019-06,57316.78,340856.18,17763.56,496.48,8119.45,226839,4068954,142,146566.35,4951378.30,
2019-07,60025.26,340677.82,18436.94,502.64,8153.86,227629,4252850,143,146386.64,4923631.20,
2019-08,60010.92,345525.10,18323.55,517.65,8261.30,228170,4409250,141,154504.89,4895884.10,
2019-09,59845.32,329504.71,17835.33,525.90,8355.94,227886,4589727,141,161456.56,4868137.00,
2019-10,71552.18,701391.22,18658.26,533.59,8436.22,229374,4825074,141,191359.94,4957206.20,
2019-11,60130.25,58208.69,16927.86,544.11,8307.59,231955,4128351,143,189229.09,5046275.40,
2019-12,65735.76,62752.45,18922.32,553.33,8053.24,231999,4248777,143,202520.76,5135344.60,
2020-01,66572.86,62871.19,18285.86,561.20,8164.10,233013,4291612,144,216242.97,5139807.33,
2020-02,62147.00,58560.85,17514.71,571.58,8230.23,234089,4370702,146,222516.95,5144270.07,
2020-03,50574.15,48208.95,15340.81,577.45,8285.62,234357,4433973,148,206462.31,5148732.80,
2020-04,20764.77,23250.48,9648.42,573.60,8294.47,233945,4391388,153,151140.66,4730469.37,
2020-05,32225.02,37983.79,12808.50,571.80,8353.49,234139,4322169,155,218391.60,4312205.93,
2020-06,42772.83,47711.04,14494.15,572.89,8454.14,234268,4325830,155,261835.00,3893942.50,
2020-07,45558.02,50324.96,15521.29,576.32,8523.55,233849,4357123,164,290537.86,4172055.40,
2020-08,50311.00,54770.07,16071.78,578.31,8553.73,232995,4355180,168,298307.61,4450168.30,
2020-09,51133.75,55366.35,16683.31,586.94,8654.35,234238,4423465,174,329027.66,4728281.20,
2020-10,64651.53,69140.96,17910.70,594.20,8741.65,234285,4581333,189,386106.74,4976911.23,
2020-11,62349.76,67888.79,16811.10,601.13,8927.02,233848,4576740,200,390999.15,5225541.27,
2020-12,63486.52,65178.32,18189.97,603.97,8856.60,233066,4585005,207,416176.21,5474171.30,
2021-01,64737.09,63157.13,19354.59,610.98,8880.65,234216,4654521,207,431181.89,5568681.10,
2021-02,60104.54,59226.67,18315.48,616.47,8940.02,234924,4714916,213,425062.76,5663190.90,
2021-03,72318.82,67386.41,21285.98,620.49,8982.02,238588,4720077,216,504886.44,5757700.70,
2021-04,59049.12,56183.10,22058.72,622.60,9005.00,239801,4524724,220,493663.68,5564523.80,
2021-05,52013.87,43225.10,21414.23,623.93,9019.71,240271,4520278,224,490638.65,5371346.90,
2021-06,62746.02,51043.57,18656.76,628.15,9056.31,239761,4593265,229,547373.17,5178170.00,
2021-07,74884.76,61087.44,20587.17,634.14,9056.29,239957,4607703,235,606281.14,5327884.83,
2021-08,77733.02,64866.75,22362.32,639.34,9132.63,240814,4816066,249,639116.95,5477599.67,
2021-09,80227.75,62589.05,24481.73,650.25,9193.84,240982,4976716,259,654351.81,5627314.50,
2021-10,100942.78,76470.51,25757.32,663.61,9328.34,241471,5155025,261,771444.98,5840984.03,
2021-11,89216.84,67109.36,24885.10,675.83,9340.07,242000,5292000,274,768436.11,6054653.57,
2021-12,93907.23,66491.03,25878.23,689.49,9377.42,244787,5498311,282,826848.22,6268323.10,
2022-01,87768.52,60025.36,24796.40,702.52,9409.29,246006,5619986,297,831993.11,6353412.30,
2022-02,86041.03,57070.12,22922.96,717.08,9350.66,247105,5833870,304,826843.00,6438501.50,
2022-03,107106.74,64051.87,25615.49,736.27,9176.66,251740,6070142,314,960581.66,6523590.70,
2022-04,105459.20,65061.67,25316.57,751.66,9205.18,251162,6126144,316,983302.27,6515681.30,
2022-05,113693.59,65799.91,25698.36,768.77,9176.21,252250,6169175,323,1041520.07,6507771.90,
2022-06,108751.63,60884.79,24738.20,787.23,9154.51,252841,6590890,330,1014384.31,6499862.50,
2022-07,115855.73,64514.96,25308.86,802.56,9281.34,253819,6819488,338,1062991.76,6485916.53,
2022-08,112357.56,62158.66,24625.42,779.91,9350.26,253756,7057534,346,1072792.68,6471970.57,
2022-09,122093.84,61203.91,24090.22,777.02,9385.38,254718,7035017,358,1116438.10,6458024.60,
2022-10,129048.20,66950.29,24296.37,793.68,9442.32,255442,7211092,365,1211582.51,6581184.87,
2022-11,114793.95,55593.68,22808.40,806.06,9477.29,255376,7351681,376,1190593.39,6704345.13,
2022-12,126523.69,58626.04,22648.19,811.87,9394.66,256520,7550065,382,1282055.01,6827505.40,
2023-01,127682.40,55777.95,22193.19,824.52,9455.81,257693,7657412,385,1298726.62,6920030.23,
2023-02,118684.32,49693.39,22398.88,833.66,9541.22,256879,7758264,390,1235846.62,7012555.07,
2023-03,137311.13,53724.02,24004.99,853.03,9612.59,258534,7789512,399,1410443.01,7105079.90,
2023-04,132768.51,54627.39,22633.85,865.13,9670.12,255300,7837235,414,1415504.71,7140595.83,
2023-05,140659.60,52775.91,24239.61,877.47,9739.26,255796,7960626,445,1489145.44,7176111.77,
2023-06,137234.34,51049.35,23509.01,886.82,9758.33,259146,8093909,458,1475464.26,7211627.70,
2023-07,145108.32,53313.13,23237.86,898.73,9707.41,257038,8122659,473,1533536.44,7221317.50,
2023-08,148602.01,52679.67,23669.25,912.78,9780.57,257923,8246614,484,1576536.56,7231007.30,
2023-09,142319.55,46866.44,,,930.17,9782.86,257940,8303183,10555.69,7240697.10,
2023-10,178569.13,52101.14,25011.83,947.11,9801.71,258164,8348085,505,1715768.34,7397019.83,
2023-11,160643.97,49394.15,24247.54,960.01,9764.99,257845,8432188,516,1739740.61,7553342.57,
2023-12,165119.24,47934.52,26172.86,979.05,9608.81,257901,8567404,522,1822949.42,7709665.30,
2024-01,166443.93,45486.57,25784.38,995.00,9575.66,257617,8593226,550,1841083.97,7793432.10,
2024-02,149206.37,41452.07,22673.75,1006.00,9606.71,257438,8773202,560,1827869.35,7877198.90,
2024-03,164459.08,44748.95,18200.33,1018.03,9649.19,257654,8902926,572,1978353.23,7960965.70,
2024-04,156498.38,43911.09,14963.51,1025.40,9509.45,257484,8838774,583,1964464.52,7943275.20,
2024-05,164955.26,43564.97,16696.89,1033.00,9565.98,257098,8804156,598,2044937.05,7925584.70,
2024-06,158822.10,41258.86,15896.98,1038.13,9624.24,255951,8966994,602,2007081.20,7907894.20,
2024-07,172670.21,44764.67,16327.15,1045.68,9632.02,254966,8971703,605,2064292.41,7885377.80,
2024-08,168184.19,43541.83,16555.09,1054.24,9685.49,254500,9300835,608,2060735.57,7862861.40,
2024-09,176202.05,40101.51,17489.47,1061.03,9732.82,255078,9342782,622,2063994.71,7840345.00,
2024-10,201788.91,46829.75,20418.99,1068.90,9809.11,255675,9509265,632,2349821.46,8061020.63,
2024-11,169298.16,39010.01,19213.52,1072.40,9795.72,255179,9690872,637,2155187.40,8281696.27,
2024-12,187949.42,40598.85,18992.22,1080.56,9909.48,254788,10000549,641,2324699.91,8502371.90,
2025-01,184126.17,38963.36,19496.30,1088.73,9820.39,257113,10352730,647,2348037.12,8607425.97,
2025-02,167207.96,34314.04,19236.22,1093.15,9856.77,257563,10717514,653,2196481.69,8712480.03,
2025-03,201493.90,39054.68,21465.03,1098.85,9908.12,255885,11098051,661,2477221.61,8817534.10,
2025-04,184237.41,38113.12,21253.76,1104.36,9959.84,255031,11291412,668,2394925.87,8746810.90,
2025-05,189831.64,36978.43,20721.50,1111.98,10003.70,256929,11589378,673,2514297.01,8676087.70,
2025-06,183088.14,35463.41,20740.12,1111.97,10051.80,250897,11791203,675,2403930.69,8605364.50,
2025-07,193849.42,38137.51,20757.87,1116.23,10127.27,249300,11921400,684,2508498.09,8578599.50,
2025-08,191169.90,37406.31,22252.69,1123.14,10180.42,248618,11972943,688,2485472.91,8551834.50,
2025-09,216706.99,36775.70,22636.58,1133.90,10248.09,248679,12124448,686,2489736.54,8525069.50,
2025-10,214230.30,42143.01,24226.83,1140.18,10271.50,249610,12308428,683,2727790.68,8498304.50,
2025-11,188799.01,34143.39,24638.84,1148.76,10317.03,250622,11253662,684,2631632.63,8471539.50,
2025-12,204686.61,37274.38,27044.19,1157.84,10343.46,250479,11474672,685,2796712.73,8444774.50,
2026-01,,,,,,,255456,5256789,21703.44,2833481.22,